id,titulo,url,url_poster,fecha_estreno,sinopsis,usuario,genero
Dune2,Dune 2,https://www.imdb.com/title/tt15239678/?ref_=nv_sr_srsg_3_tt_8_nm_0_q_dune,https://m.media-amazon.com/images/M/MV5BYTU1YzdjZTgtNjBlZS00NjUwLTllNGQtNzU2N2ZhY2QzNDRhXkEyXkFqcGdeQXVyMTQ1Njk1OTUw._V1_FMjpg_UX1000_.jpg,2024/02/29,"El duque Paul Atreides se une a los Fremen y comienza su entrenamiento para convertirse en Muad'Dib, mientras trata de evitar el terrible futuro que ha previsto: una guerra santa en su nombre, esparciéndose por todo el universo conocido.",fd_x,Ciencia Ficción
parasite,Parasite,https://www.imdb.com/title/tt6751668/?ref_=hm_tpks_tt_t_26_pd_tp1_pbr_ic,https://m.media-amazon.com/images/M/MV5BYWZjMjk3ZTItODQ2ZC00NTY5LWE0ZDYtZTI3MjcwN2Q5NTVkXkEyXkFqcGdeQXVyODk4OTc3MTY@._V1_.jpg,2019/10/18,Greed and class discrimination threaten the newly-formed symbiotic relationship between the wealthy Park family and the destitute Kim clan.,dani,"Drama, suspenso"
BackToTheFuture,Back to the Future,https://www.imdb.com/title/tt0088763/?ref_=nv_sr_srsg_3_tt_4_nm_4_q_back%2520,https://m.media-amazon.com/images/M/MV5BYjQxMTIyMWUtMmMyMS00MGNmLTkzNzktOTM2YzMyZmRjYTYzXkEyXkFqcGdeQXVyMTYzMDM0NTU@._V1_FMjpg_UX1000_.jpg,1985/12/25,"Marty McFly, un estudiante de secundaria de 17 años, es enviado accidentalmente treinta años al pasado en un DeLorean que viaja en el tiempo, inventado por su gran amigo, el excéntrico científico Doc Brown.",Jorge,"Ciencia Ficción, Comedia y Aventura"
Cinderella,Cenicienta,https://www.imdb.com/title/tt10155932/?ref_=nv_sr_srsg_3_tt_8_nm_0_q_cenicien,https://m.media-amazon.com/images/M/MV5BZmQ1NjIwOGEtNDNhZC00YjI5LWI2MTMtMjBmZTliMTE5Mzk4XkEyXkFqcGdeQXVyODc0OTEyNDU@._V1_.jpg,2021/09/03,"""Un musical cinematográfico moderno con una visión audaz del clásico cuento de hadas. Nuestra ambiciosa heroína tiene grandes sueños y, con la ayuda de su fabulosa madrina, persevera para hacerlos realidad.",Julio,"Comedia, Familiar, Fantasia"
Oppenheimer,Oppenheimer,https://www.imdb.com/title/tt15398776/?ref_=nv_sr_srsg_0_tt_5_nm_3_q_opp,https://m.media-amazon.com/images/M/MV5BMjVhNGYyMTktNWU0Yi00YjQwLWJmYTQtNDJmODliOTE0NmY5XkEyXkFqcGdeQXVyMTQ4NTgxNzYx._V1_FMjpg_UX1000_.jpg,2023/07/21,La historia del científico estadounidense J. Robert Oppenheimer y su papel en el desarrollo de la bomba atómica.,Gael,"Drama, Historia, Biografic"
OrgulloYPrejuicio,Orgullo y prejuicio,https://www.imdb.com/title/tt0414387/?ref_=nv_sr_srsg_0_tt_8_nm_0_q_Prid,https://m.media-amazon.com/images/M/MV5BYjY2ZTRiZTUtNjgyYS00MjI2LWE5MzgtM2RmODdjNDY5NzhmXkEyXkFqcGdeQXVyMTYzMDM0NTU@._V1_FMjpg_UX1000_.jpg,2005/06/26,"""Cuando la animada Elizabeth Bennet se encuentra con el soltero, rico y orgulloso Sr. Darcy, las chispas del amor florecerán, pero ambos deberán superar su propio orgullo y prejuicio.""",Adriana,"Drama, romance"
GranTurismo,Gran Turismo,https://www.imdb.com/title/tt4495098/?ref_=tt_mv_close,https://m.media-amazon.com/images/M/MV5BMmQ3ZTViYTEtZDUwZS00NjQyLWJmODctN2JhOGVmNTQ5N2ZiXkEyXkFqcGdeQXVyMTA3MDk2NDg2._V1_FMjpg_UX1000_.jpg,2023/08/25,"Basada en la increíble historia real de un equipo de marginados -un jugador de clase trabajadora, un expiloto de carreras fracasado y un ejecutivo idealista- que lo arriesgan todo para enfrentarse al deporte más elitista del mundo.",ElChicoPercebe,"Acción, Aventura, Drama"
Hasta el ultimo hombre,Hacksaw Ridge,https://www.imdb.com/title/tt2119532/?ref_=nv_sr_srsg_0_tt_8_nm_0_q_Hasta%2520el%2520ultimo%2520hombre,https://m.media-amazon.com/images/M/MV5BMWE2NWQ5MzItMjg5Yy00MmMyLTliODgtNWYwYzA4NGQ3MDBmXkEyXkFqcGdeQXVyMTYzMDM0NTU@._V1_FMjpg_UX1000_.jpg,2016/10/16,"El médico del ejército Desmond T. Doss, que sirvió durante la batalla de Okinawa, se niega a matar y se convierte en el primer hombre de la historia de Estados Unidos que recibe la Medalla de Honor sin disparar un tiro.",Sergio,"Biografia, Drama, Historia y Belico"
Inception,Inception,https://www.imdb.com/title/tt1375666/?ref_=nv_sr_srsg_0_tt_3_nm_5_q_ince,https://m.media-amazon.com/images/M/MV5BMjAxMzY3NjcxNF5BMl5BanBnXkFtZTcwNTI5OTM0Mw@@._V1_FMjpg_UX1000_.jpg,2010/07/23,"A un ladrón que roba secretos corporativos a través de la tecnología de entrar en el subconsciente, se le da la tarea de implantar una idea en la mente del jefe de una gran empresa.",sagd_11,"Acción, aventura, ciencia ficción, suspenso"
transformers3,Transformers: dark of the moon,https://www.imdb.com/title/tt1399103/?ref_=nv_sr_srsg_0_tt_8_nm_0_q_transformers%25203,https://m.media-amazon.com/images/M/MV5BMTkwOTY0MTc1NV5BMl5BanBnXkFtZTcwMDQwNjA2NQ@@._V1_FMjpg_UX1000_.jpg,2011/06/29,"In final days of the Cybertron war, The Ark spacecraft escapes. Piloted by Autobot leader Sentinel Prime, the ship contained technology to defeat Decepticons & win the war. but it was hit by missiles & crashed on the moon in 1961 & detected by NASA.",Kevinn,"Accion, Aventura, Ciencia Ficcion"
v4vendetta,V for Vendetta,https://www.imdb.com/title/tt0434409/?ref_=nv_sr_srsg_0_tt_8_nm_0_q_v%2520for%2520v,https://m.media-amazon.com/images/M/MV5BOTI5ODc3NzExNV5BMl5BanBnXkFtZTcwNzYxNzQzMw@@._V1_FMjpg_UX1000_.jpg,2006/03/17,"Historia de un futuro ficticio donde Inglaterra es un estado fascista y totalitario. Evey, una joven proveniente de la clase trabajadora, es rescatada por ""V"", un misterioso enmascarado que busca la destrucción del gobierno cruel y corrupto, y la libertad del pueblo.",KevinMtz,"Accion, Drama, Ciencia Ficción, Thriller"
FantasticMrFox,Fantastic Mr. Fox,https://www.imdb.com/title/tt0432283/?ref_=nv_sr_srsg_0_tt_8_nm_0_q_fantastic%2520mr%2520fox,https://m.media-amazon.com/images/M/MV5BYzdlM2JlMzMtNjYwOC00MGQ0LTliNzMtZDlhMWQ5NWIxN2U4XkEyXkFqcGdeQXVyMTAzMDM4MjM0._V1_FMjpg_UX1000_.jpg,2009/12/4,Un zorro no puede resistirse de volver a atacar su granja y luego debe ayudar a su comunidad a sobrevivir a las represalias de los granjeros.,Mazorca,"Animación, Aventura, Comedia, Crimen, Drama, Familia"
robotdreams,Robot Dreams,https://www.imdb.com/title/tt13429870/?ref_=nv_sr_srsg_0_tt_7_nm_1_q_robot," https://m.media-amazon.com/images/M/MV5BOTVlZmQ2NGEtMzNlNy00NTFlLTliMGYtNmZkZDQ2OWQyZThmXkEyXkFqcGdeQXVyNjM0MTI4Mw@@._V1_QL75_UY281_CR17,0,190,281_.jpg ",2024/03/07,Narra las aventuras y desventuras de Perro y Robot en Nueva York durante los años 80.,narak28,"animación, drama, música"
NoManchesFrida2,No manches Frida 2,https://www.imdb.com/title/tt9019352/?ref_=nv_sr_srsg_3_tt_8_nm_0_q_No%2520manches,https://m.media-amazon.com/images/M/MV5BNmU0ZDI1MDctODBiZi00ZTg3LWFiZmUtMmFkMzYyYzc4ZDkxXkEyXkFqcGdeQXVyNDg4NjY5OTQ@._V1_.jpg ,2019/03/15,"A punto de llegar al altar, Lucy se da cuenta de que Zequi sigue siendo un hombre despreocupado e irresponsable. Para que ella lo perdone, Zequi deberá demostrarle que la ama incondicionalmente… con todo y sus alumnos.",MaikyAhoyo,Comedia
SpiderManATSV,Spider-Man: A través del Spider-Verso,https://www.imdb.com/title/tt9362722/?ref_=nv_sr_srsg_0_tt_8_nm_0_q_spiderve,https://m.media-amazon.com/images/M/MV5BODg5YWE0OTQtMGE0My00Y2FmLWI3YWYtMGY5YjUwMjRhM2MzXkEyXkFqcGdeQXVyODY5Njk4Njc@._V1_FMjpg_UX1000_.jpg,2023/06/01,"Miles Morales regresa para el próximo capítulo de la saga ganadora de un Oscar, una aventura épica que transportará a Brooklyn a tiempo completo.",jessica,"Animación, Acción, Aventura"
ElSilencioDeLosInocentes,El silencio de los inocentes,https://www.imdb.com/title/tt0102926/mediaviewer/rm3734402304/?ref_=tt_ov_i,https://m.media-amazon.com/images/M/MV5BNDkzYTJjYTctMWY3My00ZmZkLTgyYjgtZjllMDQ5YTM2YTAzXkEyXkFqcGdeQXVyMTYzMDM0NTU@._V1_FMjpg_UX1000_.jpg,1991/02/14,"Una joven del FBI busca la ayuda de un asesino caníbal y manipulador, con el fin de atrapar a otro asesino en serie, un loco que despelleja a sus víctimas.",JDQC,"Crimen, Drama, Suspenso"
Barnyard,La Granja,https://www.imdb.com/title/tt0414853/?ref_=fn_al_tt_3,https://m.media-amazon.com/images/M/MV5BMTU2NDE0ODYyNF5BMl5BanBnXkFtZTcwNjQ3NzAzMQ@@._V1_FMjpg_UX1000_.jpg,2006/10/27,"Otis es una vaca un tanto irresponsable. Eso sí, es la alegría del corral en el que vive, se la pasa haciendo bromas a los demás, cantando y bailando por los rincones del prado. Su actitud provoca constantes corajes a Ben, su padre y quien también está a cargo de mantener el orden en la granja.",Mazorca,"Animación, Aventura, Comedia, Drama, Familia"
RoadHouse,"Road House",https://www.imdb.com/video/vi1146603289/?playlistId=tt3359350&ref_=tt_pr_ov_vi,https://m.media-amazon.com/images/M/MV5BNTFiNTMxNTQtM2EzOS00NWNhLWFmNzctNjU5ODIzNDIzMzYzXkEyXkFqcGdeQXVyMjkwOTAyMDU@._V1_FMjpg_UX1000_.jpg,2024/03/08,Un ex luchador de peso medio de la UFC acaba trabajando en un bar ruidoso de los Cayos de Florida donde las cosas no son lo que parecen.,ElErminio,"Acción , Suspenso"
ShutterIsland,Shutter Island,https://www.imdb.com/title/tt1130884/?ref_=watch_tpks_tt_t_33_pd_tp1_pbr_ic,https://m.media-amazon.com/images/M/MV5BYzhiNDkyNzktNTZmYS00ZTBkLTk2MDAtM2U0YjU1MzgxZjgzXkEyXkFqcGdeQXVyMTMxODk2OTU@._V1_.jpg ,2010/03/12,"Verano de 1954. Los agentes judiciales Teddy Daniels y Chuck Aule son enviados a una remota isla del puerto de Boston para investigar la desaparición de una peligrosa asesina recluida en el hospital psiquiátrico Ashecliffe, un centro penitenciario para criminales perturbados dirigido por el siniestro doctor John Cawley. Pronto descubrirán que el centro guarda muchos secretos y que la isla esconde algo más peligroso que los pacientes.",T,"	Terror, suspenso, drama, crímenes y misterio"
YourName,Your Name,https://www.imdb.com/title/tt5311514/mediaviewer/rm4024011521/?ref_=tt_ov_i,https://m.media-amazon.com/images/M/MV5BNDBlYmY3MzktMTgyOS00MTAwLTlkZDMtMGUzNDIyNTU2NjcyXkEyXkFqcGdeQXVyMTAyOTE2ODg0._V1_FMjpg_UX1000_.jpg,2016/08/26,"Dos extraños se encuentran vinculados de una manera extraña, pero, cuando se forma una conexión, ¿será la distancia lo único que los mantendrá separados?",luz,"Animación, Drama, Fantasía "
SpiritedAway,Spirited Away,https://www.imdb.com/title/tt0245429/?ref_=nv_sr_srsg_1_tt_6_nm_1_q_spiri,https://m.media-amazon.com/images/M/MV5BZjUwNDQzN2QtMDZhZC00ZGNjLWJiYjAtZGExY2M2ZmI2ZGI3XkEyXkFqcGdeQXVyMTYzMDM0NTU@._V1_FMjpg_UX1000_.jpg,2009/12/03,"During her family's move to the suburbs, a sullen 10-year-old girl wanders into a world ruled by gods, witches and spirits, and where humans are changed into beasts.",sportela,"Animación, aventura"
3Bodyproblem,3 Body Problem,https://www.imdb.com/title/tt13016388/?ref_=watch_fanfav_tt_i_2,https://m.media-amazon.com/images/M/MV5BMjNiMDI5YjItNmU0Yy00NmYxLThjYmUtZDc5ODY2ZDI2NzkyXkEyXkFqcGdeQXVyMTkxNjUyNQ@@._V1_FMjpg_UX1000_.jpg,2024/03/21,"Seguirá la historia del primer contacto de la humanidad con una civilización alienígena, viendo cómo la humanidad es vulnerable a la misma amenaza externa.",Nando,"Aventura, Drama, Fantasía"
requiem4adream,Requiem for a Dream,https://www.imdb.com/title/tt0180093/?ref_=nv_sr_srsg_0_tt_8_nm_0_q_requiem%2520,https://m.media-amazon.com/images/M/MV5BOTdiNzJlOWUtNWMwNS00NmFlLWI0YTEtZmI3YjIzZWUyY2Y3XkEyXkFqcGdeQXVyNjU0OTQ0OTY@._V1_FMjpg_UX1000_.jpg,2000/05/14,Una viuda se vuelve adicta a píldoras dietéticas mientras su hijo libra su propia batalla con estupefacientes. Darren Aronofsky se sumerge de nuevo en el terreno de lo visceral con esta durísima pero fascinante película en torno a la adicción.,KevinMtz,Drama
gatobotas2,El gato con botas: El último deseo,https://www.imdb.com/title/tt3915174/?ref_=nv_sr_srsg_0_tt_8_nm_0_q_gato%2520con,"https://m.media-amazon.com/images/M/MV5BZjNiMjkzMDItOWNjMy00ODZjLTgwY2UtZTEyODYzNTI2NzI1XkEyXkFqcGdeQXVyMTU5OTA4NTIz._V1_QL75_UY281_CR18,0,190,281_.jpg",2022/12/22,El Gato con Botas descubre que su pasión por la aventura le ha pasado factura: Ha agotado ocho de sus nueve vidas.,narak28,"animación, acción, aventura"
Bodies,Bodies,https://www.imdb.com/title/tt18347622/?ref_=nv_sr_srsg_3_tt_8_nm_0_q_bodies,https://m.media-amazon.com/images/M/MV5BMzdiYzRjZjctZDE0ZC00MGQ4LWEwYzAtZDEyNzJiYzI2YjM2XkEyXkFqcGdeQXVyMDc5ODIzMw@@._V1_FMjpg_UX1000_.jpg,2023/10/19,Cuatro detectives en cuatro períodos diferentes de Londres se encuentran investigando el mismo asesinato.,fd_x,Ciencia Ficción
TopGun2,Top Gun: Maverick,https://www.imdb.com/title/tt1745960/,https://m.media-amazon.com/images/M/MV5BNTEyYTA5YWYtYmIxYS00NWRlLWExNjMtNjliZmVlZDgxNTBlXkEyXkFqcGdeQXVyODk4OTc3MTY@._V1_FMjpg_UX1000_.jpg,2022/05/27,"Después de más de treinta años de servicio como uno de los mejores aviadores de la Armada, Pete Mitchell está donde pertenece, forzando los límites como valiente piloto de pruebas y esquivando el avance de rango que lo dejaría en tierra.",fd_x,Aventura
KungFuPanda2,Kung Fu Panda 2,https://www.imdb.com/video/vi1639488793/?playlistId=tt1302011&ref_=tt_ov_vi,https://m.media-amazon.com/images/M/MV5BYjUyMjhkODEtMWJhOC00YjgzLWI1MmUtMzM5YmUxYmY0ZWQ3XkEyXkFqcGdeQXVyMTA4NjE0NjEy._V1_FMjpg_UX1000_.jpg,2011/05/10,"Po y sus amigos luchan para evitar que un malvado pavo real conquiste China con una nueva arma mortal. Pero primero, el Guerrero Dragón debe hacer las paces con su pasado.",ElErminio,"Animación, Acción, Aventura, Comedia, Drama, Familia, Fantasía"
MyNeighborTotoro,My Neighbor Totoro,https://www.imdb.com/title/tt0096283/?ref_=nv_sr_srsg_0_tt_5_nm_3_q_Totoro,https://m.media-amazon.com/images/M/MV5BMjg3ZmIyYWMtYmRmMC00YTcyLTgzMjItODk3Yjc4ZDc5ODE5XkEyXkFqcGdeQXVyMTYzMDM0NTU@._V1_FMjpg_UX1000_.jpg,1988/04/16,"When two girls move to the country to be near their ailing mother, they have adventures with the wondrous forest spirits who live nearby.",sportela,"Animación, Animé"
TheTrumanShow,The Truman Show,https://www.imdb.com/title/tt0120382/?ref_=nv_sr_srsg_0_tt_8_nm_0_q_the%2520truman%2520show,https://m.media-amazon.com/images/M/MV5BMDIzODcyY2EtMmY2MC00ZWVlLTgwMzAtMjQwOWUyNmJjNTYyXkEyXkFqcGdeQXVyNDk3NzU2MTQ@._V1_FMjpg_UX1000_.jpg,1998/10/02,An insurance salesman discovers his whole life is actually a reality TV show.,Mazorca,"Comedia, Drama"
FantasticBeasts,Fantastic Beasts: The Secrets of Dumbledore,,https://m.media-amazon.com/images/M/MV5BOTNjNWRjZDUtYjU1OC00NGFmLWE2ZDktMzhhYmIwOTU4YjVmXkEyXkFqcGdeQXVyMTEyMjM2NDc2._V1_FMjpg_UX1000_.jpg,2022/04/15,"El profesor Albus Dumbledore sabe que el poderoso mago oscuro Gellert Grindelwald se está moviendo para tomar el control del mundo mágico. Incapaz de detenerlo solo, le confía al magizoólogo Newt Scamander que dirija un intrépido equipo de magos, brujas y un valiente panadero muggle en una peligrosa misión, donde se encuentran con viejas y nuevas bestias y chocan con la creciente legión de seguidores de Grindelwald. Pero con tanto en juego, ¿cuánto tiempo puede permanecer Dumbledore al margen?",fd_x,Fantasia
TheUnbearable,The Unbearable Weight of Massive Talent,,https://m.media-amazon.com/images/M/MV5BN2UxMzI1N2EtNmZkYi00M2RmLTliMDctZTlmN2ZlMGVmMjNmXkEyXkFqcGdeQXVyMjMxOTE0ODA@._V1_FMjpg_UX1000_.jpg,2022/04/22,"Nicolas Cage, con problemas de liquidez, accede a hacer una aparición paga en la fiesta de cumpleaños de un superfanático multimillonario, pero en realidad es un informante de la CIA, ya que el fanático multimillonario es un capo de la droga y obtiene un papel en una película de Tarantino.",fd_x,Accion
Memory,Memory,,https://m.media-amazon.com/images/M/MV5BNTI4OTQzMmItOTJiZS00NTc3LTkxNGYtZWQ2NGJiNjQ4NzQ2XkEyXkFqcGdeQXVyMDA4NzMyOA@@._V1_FMjpg_UX1000_.jpg,2022/04/29,Un asesino a sueldo descubre que se ha convertido en un objetivo después de que se niega a completar un trabajo para una peligrosa organización criminal. Una nueva versión de la película belga de 2003 'La memoria de un asesino'.,fd_x,Accion
DoctorStrange,Doctor Strange in the Multiverse of Madness,,https://m.media-amazon.com/images/M/MV5BZDg5ZDg2MWQtM2ExNi00ZjEzLTgzMDQtZmJlYWEwYmM4ODUxXkEyXkFqcGdeQXVyMDM2NDM2MQ@@._V1_FMjpg_UX1000_.jpg,2022/05/06, "Después de los eventos de Avengers: Endgame, el Dr. Stephen Strange continúa su investigación sobre Time Stone. Pero un viejo amigo convertido en enemigo busca destruir a todos los hechiceros de la Tierra, interfiriendo con el plan de Strange y provocando que desate un mal indescriptible.",fd_x,Accion
Firestarter,Firestarter,,https://m.media-amazon.com/images/M/MV5BMWIzNzA4MmUtYTIzNy00Y2Q5LWIyM2YtZGRiYzM0ZWQzOTU2XkEyXkFqcGdeQXVyMTkxNjUyNQ@@._V1_FMjpg_UX1000_.jpg,2022/05/13,Una joven trata de entender cómo obtuvo misteriosamente el poder de prender fuego a las cosas con su mente.,fd_x,Misterio
Topgun2,Top Gun: Maverick,,https://m.media-amazon.com/images/M/MV5BNTEyYTA5YWYtYmIxYS00NWRlLWExNjMtNjliZmVlZDgxNTBlXkEyXkFqcGdeQXVyODk4OTc3MTY@._V1_FMjpg_UX1000_.jpg,2022/05/27,"Después de más de treinta años de servicio como uno de los mejores aviadores de la Armada, Pete Mitchell está donde pertenece, forzando los límites como valiente piloto de pruebas y esquivando el avance de rango que lo dejaría en tierra.",fd_x,Accion
JurassicWorldDom,Jurassic World Dominion,,https://m.media-amazon.com/images/M/MV5BMjQzZTA2MmEtNDcwYy00ZWE0LWFlODMtOWQ2MzRjNTgyYmVkXkEyXkFqcGdeQXVyMTkxNjUyNQ@@._V1_FMjpg_UX1000_.jpg,2022/06/10,Los dinosaurios se comen a tod@s :),fd_x,Accion
MrsHarris,Mrs. Harris Goes to Paris,,https://m.media-amazon.com/images/M/MV5BMjM1ZjIyYzYtODRhYy00ZTc0LThhZjMtNzhmZGM3OWJkNzFkXkEyXkFqcGdeQXVyMjQ4NjAyOTY@._V1_FMjpg_UX1000_.jpg,2022/07/22,Una señora de la limpieza viuda en la década de 1950 en Londres se enamora locamente de un vestido de alta costura de Dior y decide que debe tener uno propio.,fd_x,Epoca
SalemsLot,Salem's Lot,,https://m.media-amazon.com/images/M/MV5BMGY2Mzk2NjQtMGYxMC00Y2Q1LWJiMDgtODJjMTgxN2UzYmI3XkEyXkFqcGdeQXVyMTI0MzcyMDk4._V1_FMjpg_UX1000_.jpg,2022/09/09,"Ben Mears, un escritor que pasó parte de su infancia en Jerusalem's Lot, Maine, también conocido como 'Salem's Lot, ha regresado después de veinticinco años para escribir un libro sobre la abandonada Casa Marsten, donde tuvo una mala experiencia como un niño. Pronto descubre que un antiguo mal también ha llegado a la ciudad y está convirtiendo a los residentes en vampiros. Jura detener la plaga de muertos vivientes y salvar la ciudad.",fd_x,Terror
SpiderVerse,Spider-Man: Across the Spider-Verse - Part One,,https://m.media-amazon.com/images/M/MV5BZGRhNDE1YjYtOGUzMC00YjliLThiOTgtYTkwNmQwNDZjYjFhXkEyXkFqcGdeQXVyMTEyMjM2NDc2._V1_.jpg,2022/10/06,"Miles Morales regresa para el próximo capítulo de la saga Spider-Verse, ganadora de un Oscar®, una aventura épica que transportará a Spider-Man, el amigable vecindario de tiempo completo de Brooklyn, a través del Multiverso para unir fuerzas con Gwen Stacy y un nuevo equipo de Spider-Man. Personas que se enfrenten a un villano más poderoso que cualquier cosa que hayan conocido.",fd_x,Animacion
TheBatman,The Batman,,https://m.media-amazon.com/images/M/MV5BYTExZTdhY2ItNGQ1YS00NjJlLWIxMjYtZTI1MzNlMzY0OTk4XkEyXkFqcGdeQXVyMTEyMjM2NDc2._V1_FMjpg_UX1000_.jpg,2022/03/04,La trama es desconocida.,fd_x,Aventura
NorthMan,El Hombre del Norte,,https://m.media-amazon.com/images/M/MV5BMDNkMTVlODUtNjBlMi00ZTUyLWI5OTItZTFjMjVlMTA5MTkzXkEyXkFqcGdeQXVyODk4OTc3MTY@._V1_FMjpg_UX1000_.jpg,2022/04/22,La historia de un joven príncipe vikingo decidido a vengar la muerte de su padre.,IARZ,Accion
TheFlash,The Flash,,https://m.media-amazon.com/images/M/MV5BOWNhMGU5MjEtMGVkYi00M2RiLWE5NjUtY2U5NDAxZTcwNDY0XkEyXkFqcGdeQXVyODk4OTc3MTY@._V1_FMjpg_UX1000_.jpg,2022/11/04,"Flash, el héroe más rápido, viaja a una línea temporal en que la Tierra está en crisis y sus héroes perdidos o dispersados.",Yisus,Accion
Dune,Dune,,https://m.media-amazon.com/images/M/MV5BMmE1ZTA3MjQtY2E1My00NzM0LWIzN2EtMWJlZjc5ZTgzZTkwXkEyXkFqcGdeQXVyODIyOTEyMzY@._V1_FMjpg_UX1000_.jpg,2021/10/21,Adaptación de la novela de ciencia ficción de Frank Herbert sobre el hijo de una familia noble que trata de vengarse de la muerte de su padre y al mismo tiempo salvar un planeta que se le ha encomendado proteger.,LuisHL,CienciaFiccion
Elvis,Elvis,,https://m.media-amazon.com/images/M/MV5BNjhiODE0ZjktYzVhYS00ODRlLTkwZjYtYjRlNjg5YzI1MzZlXkEyXkFqcGdeQXVyNjY1MTg4Mzc@._V1_FMjpg_UX1000_.jpg,2022/06/24,"Una mirada a la vida de la legendaria estrella del rock and roll, Elvis Presley",IARZ,Biografia
FreeGuy,Free Guy,,https://m.media-amazon.com/images/M/MV5BMzk1YjkzNmMtNGQ0Yy00MzY2LWI3ZmQtOTU2NDNhMTk5ZDQ0XkEyXkFqcGdeQXVyNzI1NzMxNzM@._V1_.jpg,2021/08/13,"En el extremadamente popular videojuego Free City, un NPC llamado Guy descubre la verdadera naturaleza de su existencia cuando conoce a la chica de sus sueños, una jugadora humana. Las interacciones de este jugador con Guy tienen efectos masivos sobre él, el juego y el mundo real mientras juegan.",Gilberto,Accion
JujutsuKaisen0,Gekijouban Jujutsu Kaisen 0,,https://m.media-amazon.com/images/M/MV5BYzFmMjAwMDYtNzM0Zi00NjY2LWFjMjYtMGQ1OTRiZjk5YjJkXkEyXkFqcGdeQXVyMTMwODY5NDc2._V1_FMjpg_UX1000_.jpg,2022/03/24,"Rika, amiga de la infancia de Yuuta Okkotsu, murió en un accidente automovilístico. Su espíritu permanece con él, más ya no es la dulce niña que él conocía. Se manifiesta como una entidad monstruosa y poderosa que lo protege ferozmente.",Karo,Anime
Uncharted,Uncharted,,https://m.media-amazon.com/images/M/MV5BOTNkN2ZmMzItOTAwMy00MmM5LTg5YTgtNmE5MThkMDE2ODJiXkEyXkFqcGdeQXVyMDA4NzMyOA@@._V1_FMjpg_UX1000_.jpg,2022/02/17,"Una precuela de la saga de videojuegos Uncharted, donde descubrimos cómo Drake llego a conocer y hacerse amigo de Sully.",LuisHL,Accion
ThorLT,Thor: Love and Thunder,,https://m.media-amazon.com/images/M/MV5BMzZjMTIwNjYtYTg0ZS00ZDFjLTk3MDctMTY3ZTgwMjQ4MmFiXkEyXkFqcGdeQXVyNjg2NjQwMDQ@._V1_FMjpg_UX1000_.jpg,2022/07/08,"La secuela de Thor: Ragnarock, y cuarta película en la saga de Thor.",IARZ,Accion
Aquaman,Aquaman and the Lost Kingdom,,https://m.media-amazon.com/images/M/MV5BM2QyYTRkMjMtMDk5NC00OTc0LWIyYTYtNGNhMzRjMTNhNGNkXkEyXkFqcGdeQXVyNjc0NzQzNTM@._V1_FMjpg_UX1000_.jpg,2022/12/06,Secuela de la película Aquaman ,IARZ,Accion
BrideWars,Guerra de Novias,,https://m.media-amazon.com/images/M/MV5BMTUyNTg2OTUwN15BMl5BanBnXkFtZTgwNzEzMzg5MTI@._V1_FMjpg_UX1000_.jpg,2009/01/16,Dos buenas amigas se convierten en rivales cuando programan sus respectivas bodas el mismo día.,IARZ,Comedia
Lightyear,Lightyear,,MV5BMTg0MzkzMTQtNWRlZS00MGU2LTgwYTktMjkyNTZkZTAzNTQ3XkEyXkFqcGdeQXVyMTM1MTE1NDMx._V1_FMjpg_UX1000_.jpg (1000×1481) (media-amazon.com),2022/06/17,La historia de Buzz Lightyear y sus aventuras hasta el infinito y más allá,JCLV,Animacion
BohemianRhapsody,Bohemian Rhapsody,,MV5BMmVkYTI5YzQtYjgyZC00YzJjLWI4ZjgtNmRlZmUzNDI3M2JiXkEyXkFqcGdeQXVyMTYzMDM0NTU@._V1_FMjpg_UX1000_.jpg (1000×1441) (media-amazon.com),2018/10/28,Una crónica de los años anteriores a la legendaria aparición de Queen en el concierto Live Aid,JCLV,Musical
TheAmazingSpiderMan,The Amazing Spider-Man 2: La venganza de Electro,,MV5BZTFjZDk1OWYtYTQ5YS00OWMwLWI2NmEtM2YyNjFjNDlhMTUzXkEyXkFqcGdeQXVyNzI1NzMxNzM@._V1_FMjpg_UX1000_.jpg (1000×1481) (media-amazon.com),2014/04/18,"Cuando Nueva York es asediada por Oscorp, depende de Spider-Man salvar la ciudad que juró proteger, así como a sus seres queridos",JCLV,Accion
MenInBlack,Men in Black,,https://m.media-amazon.com/images/M/MV5BODlhMzc5MTYtMzk5MS00NzFmLWEyNDItZTU4MzcxZjEzNTJjXkEyXkFqcGdeQXVyMTYzMDM0NTU@._V1_FMjpg_UX1000_.jpg,1997/01/08,Un agente de policía se une a una organización secreta que controla y monitoriza la actividad extraterrestre en la Tierra.,LuisHL,CienciaFiccion
Colegasbarrio,Los colegas del barrio,,https://m.media-amazon.com/images/M/MV5BY2NmM2M2MWItNjdlMC00ZWI3LTkwODUtZDNkYWZjYjgzZjY3XkEyXkFqcGdeQXVyMTQxNzMzNDI@._V1_FMjpg_UX1000_.jpg,1996/01/12,Una parodia de varias películas estadounidenses.,Miami ,Comedia
Matrix,Matrix,,https://m.media-amazon.com/images/M/MV5BYWQxMzg0OGYtNGE3Yi00OGY4LWJjZDktZWZiODE2N2MyODgzXkEyXkFqcGdeQXVyMTYzMDM0NTU@._V1_FMjpg_UX1000_.jpg,1999/05/21,"Cuando una bella desconocida lleva al hacker Neo a un inframundo prohibido, descubre la impactante verdad: la vida que conoce es un elaborado engaño de una ciberinteligencia malvada.",LuisHL,CienciaFiccion
GrownUps,Son como niños,,https://m.media-amazon.com/images/M/MV5BNjEyZGU2YmYtZjg3NS00ZmEyLTkyOTctOTdlYjQ2MmQ3Y2U1XkEyXkFqcGdeQXVyMTYzMDM0NTU@._V1_FMjpg_UX1000_.jpg,2010/06/27,"Después de la muerte de su entrenador de baloncesto de la escuela secundaria, cinco buenos amigos y ex compañeros de equipo se reúnen para un fin de semana de vacaciones del 4 de julio.",IARZ,Comedia
YearOne,Año Uno,,https://m.media-amazon.com/images/M/MV5BMTQyMTU3NTI3N15BMl5BanBnXkFtZTcwMzkzMjU2Mg@@._V1_FMjpg_UX1000_.jpg,2009/08/11,"Tras ser expulsados de su tribu, dos cazadores-recolectores se encuentran con personajes bíblicos y acaban en la ciudad de Sodoma.",IARZ,Comedia
13Goingon30,13 Going on 30: El sueño de mi vida,,https://m.media-amazon.com/images/M/MV5BOTI0MGZmNDYtNWNhMi00YTkwLWI3NTgtN2YyYzFkYWRkZDkxXkEyXkFqcGdeQXVyMjc2Nzg5OTQ@._V1_FMjpg_UX1000_.jpg,2004/04/25,Una chica pide un deseo en su trece cumpleaños y se despierta al día siguiente siendo una mujer de treinta años.,Ariza,Comedia
Predestination,Predestination,,https://m.media-amazon.com/images/M/MV5BMTAzODc3NjU1NzNeQTJeQWpwZ15BbWU4MDk5NTQ4NTMx._V1_.jpg,2014/08/24,"Para su último trabajo, un agente del tiempo debe dar caza a un criminal que le ha eludido. La persecución se convierte en una sorprendente exploración del amor, el destino, la identidad y los tabús de los viajes en el tiempo.",Hale,Misterio
Drive,Drive,,https://m.media-amazon.com/images/M/MV5BZjY5ZjQyMjMtMmEwOC00Nzc2LTllYTItMmU2MzJjNTg1NjY0XkEyXkFqcGdeQXVyNjQ1MTMzMDQ@._V1_.jpg,2011/12/28,"Durante el día, Driver es conductor especialista de cine, pero de noche se convierte en chófer para delincuentes. El mundo de Driver cambia el día en que conoce a Irene, una vecina que tiene un hijo pequeño y a su marido en la cárcel.",Hale,Accion
Hereditary,Hereditary,,https://m.media-amazon.com/images/M/MV5BMDM3NGMxYTgtNmU4MS00OTM0LTlmODEtOWQzZTBmMjMwMTg1XkEyXkFqcGdeQXVyMTYzMDM0NTU@._V1_FMjpg_UX1000_.jpg,2018/01/21,"Tras la muerte de la matriarca, el duelo de una familia es perturbado por hechos trágicos e inquietantes, y empiezan desenmarañar oscuros secretos.",LuisHL,Terror
ElExorcista,El Exorcista,,https://m.media-amazon.com/images/M/MV5BM2FjMjQ2YzItMGI3My00ZGRiLTllMjgtZTJkMWUyZjk2YzNkXkEyXkFqcGdeQXVyODc0OTEyNDU@._V1_FMjpg_UX1000_.jpg,2001/09/03,Una adolescente es poseída por una entidad malévola y su madre obtiene la ayuda de dos curas para que la liberen.,LuisHL,Terror
HalloweenEnds,Halloween Ends,,https://m.media-amazon.com/images/M/MV5BZmFkMGVkYmQtMGNiYy00NzQyLTlhMjYtY2ZjZmFhMGJjYTliXkEyXkFqcGdeQXVyMTA3MDAxNDcw._V1_FMjpg_UX1000_.jpg,2022/10/14,"Enfrentamiento final entre Laurie Strode (Jamie Lee Curtis) y su viejo enemigo Michael Myers, esa figura enmascarada que la ha perseguido desde que escapó de la fatídica noche de Halloween de hace cuatro décadas.",Karo,Terror
NoMercy,No Mercy ,,https://m.media-amazon.com/images/M/MV5BMTk0MDQwNTM4Nl5BMl5BanBnXkFtZTgwMTc3MDE0MjE@._V1_.jpg,2010/07/01,"A pesar de que casi se ha demostrado que es el asesino, un asesino en serie amenaza con matar a la hija de un patólogo forense si no lo rescata.",Hale,Misterio
CodigoDaVinci,El código Da Vinci,,https://m.media-amazon.com/images/M/MV5BOTNjZDc1YmEtNTNhMS00MTBjLWEzM2UtNTVlNGE2MjQzNDNhXkEyXkFqcGdeQXVyODc0OTEyNDU@._V1_FMjpg_UX1000_.jpg,2006/06/12,"Un asesinato en el Louvre, y pistas en los cuadros de Da Vinci, conducen al descubrimiento de un misterio religioso protegido por una sociedad secreta durante dos mil años, que podría hacer temblar los cimientos del cristianismo",IARZ,Aventura
TierraInfierno,Así en la Tierra como en el Infierno,,https://m.media-amazon.com/images/M/MV5BZGY0NmJjZDgtOTk1ZS00MzhmLTkzMjMtYjU2YTYwNWVmZWRjXkEyXkFqcGdeQXVyODc0OTEyNDU@._V1_FMjpg_UX1000_.jpg,2014/09/18,"Cuando un equipo de exploradores se adentra en las catacumbas bajo las calles de París, descubren el oscuro secreto que se encuentra en esta ciudad de los muertos.",LuisHL,Terror
Dragon Ball,Dragon ball super: super hero,,https://m.media-amazon.com/images/M/MV5BYmQ1Y2Y4NmItY2E4Mi00ZmM2LWFiOTEtMGVmMDRhN2ZiODU0XkEyXkFqcGdeQXVyNTkxMzEwMzU@._V1_FMjpg_UX1000_.jpgg,2022/04/22,El Ejército de la Cinta Roja del pasado de Goku ha regresado con dos nuevos androides para desafiarlo a él y a sus amigos.,Andru Antelo,Anime
TheLast,The Last: Naruto the Movie,,https://m.media-amazon.com/images/M/MV5BMjk1NzA4Njg4Ml5BMl5BanBnXkFtZTgwMDgxODQ5MzE@._V1_FMjpg_UX1000_.jpg,2016/06/12,"La hermana menor de Hinata Hyuga ha sido secuestrada, por lo que Naruto debe hacer lo posible para salvarla.",LuisHL,Anime
Elcastilloambulante,El Castillo Ambulante,,https://m.media-amazon.com/images/M/MV5BNzBjZTZjZDYtOTM4MS00NWM0LThlMGEtYzBlMzllMjc4NzU4XkEyXkFqcGdeQXVyMjgyNDU4MjE@._V1_FMjpg_UX1000_.jpg,2004/04/20,Una joven sin confianza en sí misma es maldita con un cuerpo envejecido por una bruja odiosa. Su única oportunidad de romper el hechizo es un joven brujo en un castillo ambulante.,Ariza,Anime
MyHeroAcademia,My Hero Academia: Misión Mundial de Héroes,,https://m.media-amazon.com/images/M/MV5BMzc3Y2M3OTYtZmMzYi00OGFiLTg4OTEtZmI5MzhlMjhmOWE5XkEyXkFqcGdeQXVyODc0OTEyNDU@._V1_FMjpg_UX1000_.jpg,2022/06/01,"Deku se ve envuelto en un incidente y se transforma en el criminal más perseguido del país. Mientras tanto, una organización criminal conocida como Humanize pretende destruir a los poseedores de dones de todo el planeta.",Karo,Anime
Hachiko,Hachiko: Siempre a tu lado,,https://m.media-amazon.com/images/M/MV5BNDZiZDBkMTEtNzQ3ZS00YjI4LWFiYjgtNTBjNWM2MjkzMjYzXkEyXkFqcGdeQXVyNzExODc3Nzk@._V1_FMjpg_UX1000_.jpg,2009/06/13,Un profesor universitario crea un vínculo con un perro abandonado al que acoge.,Ariza,Biografia
Cinderella,Cinderella,,https://m.media-amazon.com/images/M/MV5BZTk3ZTEzNGUtZTcwYy00NmRmLWFhMGYtZjA4NWY1ZWI4MzMyXkEyXkFqcGdeQXVyMTkxNjUyNQ@@._V1_FMjpg_UX1000_.jpg,2021/03/09,"Versión musical del clásico cuento de hadas de ""La Cenicienta"". Cenicienta, aunque es obligada a hacer las tareas de casa por su madrastra y sus hermanastras, logra llegar al baile y conocer al Príncipe.",Karo,Fantasia
NarutoR,Road to Ninja: Naruto the Movie,,https://m.media-amazon.com/images/M/MV5BMTQ5MTcyNDYwMV5BMl5BanBnXkFtZTgwNzMzNzc0MjE@._V1_FMjpg_UX1000_.jpg,2012/07/28,"Naruto y Sakura son capturados en un mundo paralelo creado por Madara, sus intenciones son robar el espiritu del zorro de las nueve colas que yace dentro de Naruto.",Miami,Anime
The Lord of the Rings,El señor de los anillos: La comunidad del anillo,,https://m.media-amazon.com/images/M/MV5BMzgyNjdjOWMtMjAyYy00NzQ4LWIwYTQtZDk2ZDQzYWVlN2IwXkEyXkFqcGdeQXVyMTYzMDM0NTU@._V1_FMjpg_UX1000_.jpg,2001/12/19,Un hobbit de la Comarca y ocho compañeros emprenden un viaje para destruir el poderoso Anillo Único y salvar la Tierra Media del Señor Oscuro Sauron.,IARZ,Fantasia
BeautyandtheBeast,La Bella y la Bestia,,https://m.media-amazon.com/images/M/MV5BMDY3YjBiZWUtZjU2My00YjIzLThhYzgtODZkZmNmOTZhZTU1XkEyXkFqcGdeQXVyMTgxOTIzNzk@._V1_FMjpg_UX1000_.jpg,2017/03/17,"Un príncipe egoísta está condenado a permanecer como un monstruo por el resto de su vida, a menos que aprenda a amar a la bella joven a la que mantiene prisionera",IARZ,Fantasia
Maleficent,Maléfica,,https://m.media-amazon.com/images/M/MV5BMjAwMzAzMzExOF5BMl5BanBnXkFtZTgwOTcwMDA5MTE@._V1_FMjpg_UX1000_.jpg,2014/06/01,"Un hada vengativa se ve obligada a maldecir a una princesa infantil, solo para descubrir que la niña puede ser la única persona que puede restaurar la paz en su problemática tierra.",IARZ,Fantasia
GrownUps,Grown Ups,,https://m.media-amazon.com/images/M/MV5BNjEyZGU2YmYtZjg3NS00ZmEyLTkyOTctOTdlYjQ2MmQ3Y2U1XkEyXkFqcGdeQXVyMTYzMDM0NTU@._V1_.jpg,2010/06/30,"Después de la muerte de su entrenador de baloncesto de la escuela secundaria, cinco buenos amigos y ex compañeros de equipo se reúnen para un fin de semana de vacaciones del 4 de julio.",Hale,Comedia
GrownUps2,Grown Ups 2,,https://m.media-amazon.com/images/M/MV5BMjEzMWI0MGQtOTA1YS00YTg2LTg3MjgtZWQ4NzJhMmJlMWVhXkEyXkFqcGdeQXVyMTYzMDM0NTU@._V1_.jpg,2013/07/12,"Tras mudarse con la familia a su ciudad natal para estar cerca de sus amigos y sus hijos, Lenny descubre que la locura de sigue a donde vaya.",Hale,Comedia
PapaGenial,Un papá genial,,https://m.media-amazon.com/images/M/MV5BYjAzNzQ4YzEtZWFlOS00YWVkLWE2NDctZDBiZTUxYjgwOTYzXkEyXkFqcGdeQXVyMTQxNzMzNDI@._V1_.jpg,1999/10/15,"Un vago licenciado en derecho adopta un niño para impresionar a su novia, pero nada sale como estaba previsto y se convierte en el improbable padre adoptivo.",Hale,Comedia
HotFuzz,Hot Fuzz,,https://m.media-amazon.com/images/M/MV5BNzQ0ZDNiODktNWJlOS00YWFlLWExMzktMDViZjc3OWE4MmQ5XkEyXkFqcGdeQXVyMTM2ODk1OTQ@._V1_.jpg,2007/05/12,"Un hábil agente de policía londinense, tras irritar a sus superiores con su vergonzosa eficacia, es trasladado a un pueblo en el que los agentes se oponen a su fervor por las normas, mientras una cadena de asesinatos asola la localidad.",Hale,Comedia
Paul,Paul,,https://m.media-amazon.com/images/M/MV5BZTdjNGE4ODAtYTIxZi00N2NiLWFiMTItMjgzZTkxYjM1ZjhkXkEyXkFqcGdeQXVyMTYzMDM0NTU@._V1_.jpg,2011/07/22,"Dos frikis ingleses de los cómics, que viajan por Estados Unidos, se encuentran con un alienígena a las afueras del Área 51.",Hale,Comedia
One Piece: Stampede,One Piece: Stampede,,https://m.media-amazon.com/images/M/MV5BM2MxY2QwYTAtMDM1My00MTc0LWEwZjktMDdjODY2NWJiNDg2XkEyXkFqcGdeQXVyODY3ODQ2MTk@._V1_.jpg,2019/09/08,"Todos los piratas se reúnen en la Expo Pirata, pero los marines deciden interferir.",Cg,Anime
"tick, tick...BOOM!","tick, tick...BOOM!",,https://m.media-amazon.com/images/M/MV5BZmMyMmE0M2UtN2E2MC00YzVmLTkwODgtOTVhYjVlOTBhY2RjXkEyXkFqcGdeQXVyODk4OTc3MTY@._V1_.jpg,2021/12/11,"Mientras espera su gran oportunidad, Jon escribe una obra titulada Superbia, que espera sea una gran musical. Cuando se acerca a su treinta cumpleaños, se siente abrumado por la ansiedad,",Cg,Biografia